,OcorrÃªncias,Acordos,Porcentagem
"RJ,89",1,0.0,0.0
"PA,76",1,0.0,0.0
"RJ,122",1,0.0,0.0
"PE,70",6,0.0,0.0
"PI,61",1,0.0,0.0
"RR,73",1,0.0,0.0
"nan,37",1,0.0,0.0
"SE,73",1,0.0,0.0
"GO,85",2,0.0,0.0
"SP,96",1,0.0,0.0
"RO,120",1,0.0,0.0
"AC,52",1,0.0,0.0
"SE,68",1,0.0,0.0
"AP,70",1,0.0,0.0
"GO,90",1,0.0,0.0
"RJ,-89",1,0.0,0.0
"PE,84",1,0.0,0.0
"RO,18",1,0.0,0.0
"PA,83",1,0.0,0.0
"BA,80",1,0.0,0.0
"PB,74",1,0.0,0.0
"DF,80",2,0.0,0.0
"SE,80",1,0.0,0.0
"PI,70",1,0.0,0.0
"RN,92",1,0.0,0.0
"GO,73",1,0.0,0.0
"RN,113",1,0.0,0.0
"PI,91",1,0.0,0.0
"RN,79",1,0.0,0.0
"GO,84",1,0.0,0.0
"RR,62",1,0.0,0.0
"nan,65",1,0.0,0.0
"ES,79",1,0.0,0.0
"AM,87",1,0.0,0.0
"DF,84",1,0.0,0.0
"PR,80",1,0.0,0.0
"GO,91",1,0.0,0.0
"AC,20",1,0.0,0.0
"CE,103",1,0.0,0.0
"RJ,-45",1,0.0,0.0
"RO,71",1,0.0,0.0
"AC,45",2,0.0,0.0
"PB,82",1,0.0,0.0
"BA,17",1,0.0,0.0
"PR,86",2,0.0,0.0
"DF,119",1,0.0,0.0
"PB,89",1,0.0,0.0
"PA,82",1,0.0,0.0
"MG,94",1,0.0,0.0
"AL,83",1,0.0,0.0
"SE,58",1,0.0,0.0
"PI,83",1,0.0,0.0
"AM,80",1,0.0,0.0
"PB,80",1,0.0,0.0
"MG,98",1,0.0,0.0
"PI,80",1,0.0,0.0
"AC,47",1,0.0,0.0
"CE,78",1,0.0,0.0
"SC,72",1,0.0,0.0
"CE,70",2,0.0,0.0
"MG,81",2,0.0,0.0
"CE,88",1,0.0,0.0
"AC,68",1,0.0,0.0
"RS,87",1,0.0,0.0
"AC,79",1,0.0,0.0
"AC,72",1,0.0,0.0
"SC,85",2,0.0,0.0
"RR,54",1,0.0,0.0
"AL,66",1,0.0,0.0
"AL,76",1,0.0,0.0
"MA,72",1,0.0,0.0
"PI,82",1,0.0,0.0
"RN,81",1,0.0,0.0
"MT,82",1,0.0,0.0
"PB,83",1,0.0,0.0
"MS,76",1,0.0,0.0
"MA,90",1,0.0,0.0
"RN,77",1,0.0,0.0
"SE,48",2,0.0,0.0
"MT,87",2,0.0,0.0
"PA,74",2,0.0,0.0
"PR,77",4,0.0,0.0
"nan,31",1,0.0,0.0
"SE,95",1,0.0,0.0
"MS,57",5,0.0,0.0
"MS,64",2,0.0,0.0
"MS,92",1,0.0,0.0
"PI,20",1,0.0,0.0
"MG,89",1,0.0,0.0
"PI,66",2,0.0,0.0
"AL,84",1,0.0,0.0
"TO,74",1,0.0,0.0
"AL,88",1,0.0,0.0
"AP,-1",1,0.0,0.0
"GO,87",2,0.0,0.0
"RN,76",1,0.0,0.0
"PE,89",1,0.0,0.0
"PE,71",2,0.0,0.0
"RO,69",1,0.0,0.0
"PI,69",1,0.0,0.0
"MS,123",1,0.0,0.0
"RJ,98",1,0.0,0.0
"CE,89",1,0.0,0.0
"AL,71",1,0.0,0.0
"ES,82",1,0.0,0.0
"RS,99",1,0.0,0.0
"RR,43",1,0.0,0.0
"PB,85",1,0.0,0.0
"BA,82",4,0.0,0.0
"SE,19",1,0.0,0.0
"MS,88",1,0.0,0.0
"RO,70",1,0.0,0.0
"MG,85",3,0.0,0.0
"SC,91",1,0.0,0.0
"AL,74",1,0.0,0.0
"GO,81",1,0.0,0.0
"SE,67",1,0.0,0.0
"PE,113",1,0.0,0.0
"TO,59",1,0.0,0.0
"AP,22",1,0.0,0.0
"RJ,96",1,0.0,0.0
"ES,75",1,0.0,0.0
"DF,73",4,0.0,0.0
"PA,81",1,0.0,0.0
"CE,97",1,0.0,0.0
"PA,78",2,0.0,0.0
"PA,87",1,0.0,0.0
"AL,77",2,0.0,0.0
"SC,92",1,0.0,0.0
"MT,83",1,0.0,0.0
"ES,84",1,0.0,0.0
"nan,42",1,0.0,0.0
"PE,73",4,0.0,0.0
"PI,73",1,0.0,0.0
"RS,79",2,0.0,0.0
"DF,83",1,0.0,0.0
"MA,81",1,0.0,0.0
"RR,63",2,0.0,0.0
"AC,57",1,0.0,0.0
"MA,71",1,0.0,0.0
"PB,68",3,0.0,0.0
"SP,86",4,0.0,0.0
"MT,78",1,0.0,0.0
"MG,82",4,0.0,0.0
"BA,94",1,0.0,0.0
"ES,66",4,0.0,0.0
"AC,36",4,0.0,0.0
"ES,78",2,0.0,0.0
"AP,77",1,0.0,0.0
"MS,80",2,0.0,0.0
"PI,86",1,0.0,0.0
"TO,71",4,0.0,0.0
"PI,81",1,0.0,0.0
"RR,58",2,0.0,0.0
"PB,61",5,0.0,0.0
"MT,74",1,0.0,0.0
"SE,37",2,0.0,0.0
"RN,23",4,0.0,0.0
"TO,80",1,0.0,0.0
"PR,81",2,0.0,0.0
"MT,99",1,0.0,0.0
"SP,117",2,0.0,0.0
"nan,49",2,0.0,0.0
"CE,82",2,0.0,0.0
"PA,79",1,0.0,0.0
"CE,122",1,0.0,0.0
"PE,76",4,0.0,0.0
"ES,86",1,0.0,0.0
"TO,50",5,0.0,0.0
"RR,83",1,0.0,0.0
"RO,62",2,0.0,0.0
"RR,42",5,0.0,0.0
"MS,77",3,0.0,0.0
"MA,122",1,0.0,0.0
"TO,70",1,0.0,0.0
"RS,123",2,0.0,0.0
"PI,76",1,0.0,0.0
"GO,114",1,0.0,0.0
"RO,61",1,0.0,0.0
"AC,82",1,0.0,0.0
"PE,86",1,0.0,0.0
"MT,86",1,0.0,0.0
"AC,62",1,0.0,0.0
"SC,81",1,0.0,0.0
"MS,65",6,0.0,0.0
"AM,81",2,0.0,0.0
"AM,77",2,0.0,0.0
"AC,63",1,0.0,0.0
"CE,93",1,0.0,0.0
"MA,88",1,0.0,0.0
"ES,71",3,0.0,0.0
"MS,89",1,0.0,0.0
"SE,59",3,0.0,0.0
"TO,78",3,0.0,0.0
"SE,31",3,0.0,0.0
"RJ,83",7,0.0,0.0
"MG,83",1,0.0,0.0
"SC,119",1,0.0,0.0
"MA,69",3,0.0,0.0
"ES,76",1,0.0,0.0
"RJ,91",3,0.0,0.0
"DF,81",1,0.0,0.0
"RN,63",4,0.0,0.0
"PB,87",1,0.0,0.0
"RN,66",5,0.0,0.0
"SE,60",3,0.0,0.0
"AP,64",3,0.0,0.0
"AP,53",1,0.0,0.0
"RN,78",1,0.0,0.0
"RO,-1",5,0.0,0.0
"PR,72",3,0.0,0.0
"RN,72",2,0.0,0.0
"PE,78",3,0.0,0.0
"CE,74",5,0.0,0.0
"ES,80",1,0.0,0.0
"TO,58",5,0.0,0.0
"AM,74",3,0.0,0.0
"PE,88",1,0.0,0.0
"PE,80",1,0.0,0.0
"RN,56",3,0.0,0.0
"SE,75",1,0.0,0.0
"CE,80",2,0.0,0.0
"RS,86",3,0.0,0.0
"ES,83",1,0.0,0.0
"BA,75",10,0.0,0.0
"RO,75",1,0.0,0.0
"PB,53",7,0.0,0.0
"SP,89",5,0.0,0.0
"SP,97",1,0.0,0.0
"RN,67",1,0.0,0.0
"MT,69",1,0.0,0.0
"DF,71",3,0.0,0.0
"nan,41",2,0.0,0.0
"SP,122",1,0.0,0.0
"PA,77",1,0.0,0.0
"TO,73",1,0.0,0.0
"RR,51",3,0.0,0.0
"AC,113",1,0.0,0.0
"SC,82",3,0.0,0.0
"SC,60",8,0.0,0.0
"MT,123",1,0.0,0.0
"MA,7",1,0.0,0.0
"MA,83",1,0.0,0.0
"SE,79",1,0.0,0.0
"GO,76",2,0.0,0.0
"RO,81",1,0.0,0.0
"MS,68",6,0.0,0.0
"PE,114",1,0.0,0.0
"CE,92",1,0.0,0.0
"AP,28",1,0.0,0.0
"GO,89",1,0.0,0.0
"SP,98",1,0.0,0.0
"MG,86",3,0.0,0.0
"MT,80",2,0.0,0.0
"SE,49",4,0.0,0.0
"MG,113",1,0.0,0.0
"TO,64",3,0.0,0.0
"RJ,84",3,0.0,0.0
"DF,82",1,0.0,0.0
"RN,85",2,0.0,0.0
"RS,78",8,0.0,0.0
"RO,79",1,0.0,0.0
"TO,76",1,0.0,0.0
"AM,79",3,0.0,0.0
"MS,66",5,0.0,0.0
"RO,83",2,0.0,0.0
"MT,72",1,0.0,0.0
"RS,83",2,0.0,0.0
"MG,88",2,0.0,0.0
"RS,80",5,0.0,0.0
"GO,83",1,0.0,0.0
"AC,53",3,0.0,0.0
"RR,32",3,0.0,0.0
"SC,76",2,0.0,0.0
"BA,79",2,0.0,0.0
"DF,67",6,0.0,0.0
"RN,59",9,0.0,0.0
"AC,80",1,0.0,0.0
"SP,91",4,0.0,0.0
"SP,92",5,0.0,0.0
"PA,71",5,0.0,0.0
"TO,-1",5,0.0,0.0
"MT,73",4,0.0,0.0
"MA,63",2,0.0,0.0
"MT,64",2,0.0,0.0
"MA,61",4,0.0,0.0
"GO,78",3,0.0,0.0
"SP,93",2,0.0,0.0
"RN,-1",9,0.0,0.0
"PE,58",6,0.0,0.0
"MT,79",2,0.0,0.0
"RO,85",1,0.0,0.0
"MT,76",4,0.0,0.0
"MG,87",2,0.0,0.0
"CE,72",2,0.0,0.0
"BA,85",3,0.0,0.0
"MA,65",6,0.0,0.0
"PB,-1",5,0.0,0.0
"AC,23",2,0.0,0.0
"PE,82",5,0.0,0.0
"RJ,93",2,0.0,0.0
"RO,59",4,0.0,0.0
"RO,74",1,0.0,0.0
"AP,73",2,0.0,0.0
"PI,68",2,0.0,0.0
"PE,87",1,0.0,0.0
"MS,81",2,0.0,0.0
"RS,92",1,0.0,0.0
"SC,83",2,0.0,0.0
"RR,66",1,0.0,0.0
"DF,92",1,0.0,0.0
"PI,59",5,0.0,0.0
"AL,62",4,0.0,0.0
"RJ,123",5,0.0,0.0
"CE,87",1,0.0,0.0
"AL,65",1,0.0,0.0
"ES,59",7,0.0,0.0
"MS,78",6,0.0,0.0
"TO,66",2,0.0,0.0
"BA,84",5,0.0,0.0
"MT,62",6,0.0,0.0
"SC,75",2,0.0,0.0
"RR,76",1,0.0,0.0
"CE,76",6,0.0,0.0
"AM,-1",18,1.0,5.555555555555555
"PE,-1",16,1.0,6.25
"RS,72",14,1.0,7.142857142857142
"BA,-1",31,3.0,9.67741935483871
"GO,67",10,1.0,10.0
"BA,68",20,2.0,10.0
"BA,83",9,1.0,11.11111111111111
"AL,56",9,1.0,11.11111111111111
"MG,73",18,2.0,11.11111111111111
"PI,53",9,1.0,11.11111111111111
"SC,70",8,1.0,12.5
"PE,56",16,2.0,12.5
"RJ,79",16,2.0,12.5
"RJ,87",8,1.0,12.5
"RJ,82",16,2.0,12.5
"BA,73",16,2.0,12.5
"PA,-1",22,3.0,13.636363636363635
"CE,71",7,1.0,14.285714285714285
"CE,-1",7,1.0,14.285714285714285
"CE,67",7,1.0,14.285714285714285
"MA,60",7,1.0,14.285714285714285
"MT,67",7,1.0,14.285714285714285
"TO,54",7,1.0,14.285714285714285
"GO,71",7,1.0,14.285714285714285
"GO,-1",20,3.0,15.0
"RJ,-1",212,32.0,15.09433962264151
"PI,32",13,2.0,15.384615384615385
"SC,-1",19,3.0,15.789473684210526
"RJ,71",37,6.0,16.216216216216218
"PR,60",18,3.0,16.666666666666664
"AC,35",6,1.0,16.666666666666664
"RS,76",6,1.0,16.666666666666664
"MS,50",6,1.0,16.666666666666664
"RS,73",6,1.0,16.666666666666664
"MG,84",6,1.0,16.666666666666664
"ES,54",6,1.0,16.666666666666664
"ES,72",6,1.0,16.666666666666664
"ES,61",6,1.0,16.666666666666664
"RO,45",12,2.0,16.666666666666664
"PB,58",6,1.0,16.666666666666664
"PR,69",12,2.0,16.666666666666664
"AL,60",6,1.0,16.666666666666664
"BA,74",6,1.0,16.666666666666664
"AP,45",6,1.0,16.666666666666664
"MS,67",6,1.0,16.666666666666664
"PB,50",6,1.0,16.666666666666664
"PE,72",6,1.0,16.666666666666664
"AP,31",6,1.0,16.666666666666664
"BA,67",6,1.0,16.666666666666664
"RO,46",12,2.0,16.666666666666664
"DF,64",6,1.0,16.666666666666664
"GO,70",6,1.0,16.666666666666664
"SE,38",6,1.0,16.666666666666664
"BA,77",6,1.0,16.666666666666664
"MG,-1",98,17.0,17.346938775510203
"CE,55",17,3.0,17.647058823529413
"RS,77",11,2.0,18.181818181818183
"PE,65",11,2.0,18.181818181818183
"RO,23",11,2.0,18.181818181818183
"PI,42",10,2.0,20.0
"TO,57",5,1.0,20.0
"GO,74",5,1.0,20.0
"PR,71",5,1.0,20.0
"SE,51",5,1.0,20.0
"RS,81",5,1.0,20.0
"AL,63",5,1.0,20.0
"TO,60",5,1.0,20.0
"GO,79",5,1.0,20.0
"RJ,92",5,1.0,20.0
"ES,62",5,1.0,20.0
"RO,64",5,1.0,20.0
"RJ,74",20,4.0,20.0
"PE,69",5,1.0,20.0
"TO,56",5,1.0,20.0
"SP,90",5,1.0,20.0
"RN,28",10,2.0,20.0
"SE,53",5,1.0,20.0
"AM,59",5,1.0,20.0
"PI,51",10,2.0,20.0
"RO,58",5,1.0,20.0
"SP,88",15,3.0,20.0
"MA,47",15,3.0,20.0
"MS,-1",5,1.0,20.0
"RJ,66",39,8.0,20.51282051282051
"BA,59",24,5.0,20.833333333333336
"MS,48",14,3.0,21.428571428571427
"GO,60",14,3.0,21.428571428571427
"RS,66",23,5.0,21.73913043478261
"DF,49",18,4.0,22.22222222222222
"PR,73",9,2.0,22.22222222222222
"RJ,85",9,2.0,22.22222222222222
"AL,30",9,2.0,22.22222222222222
"RJ,86",9,2.0,22.22222222222222
"SC,65",9,2.0,22.22222222222222
"PA,62",9,2.0,22.22222222222222
"MS,56",9,2.0,22.22222222222222
"PE,25",13,3.0,23.076923076923077
"RO,32",13,3.0,23.076923076923077
"RS,71",13,3.0,23.076923076923077
"MG,71",13,3.0,23.076923076923077
"PA,54",13,3.0,23.076923076923077
"RO,35",17,4.0,23.52941176470588
"nan,-1",597,142.0,23.785594639865998
"MG,66",25,6.0,24.0
"PR,56",25,6.0,24.0
"BA,72",4,1.0,25.0
"AL,61",4,1.0,25.0
"PE,75",4,1.0,25.0
"SP,83",8,2.0,25.0
"RS,85",4,1.0,25.0
"PI,-1",4,1.0,25.0
"AL,67",4,1.0,25.0
"MA,73",4,1.0,25.0
"BA,78",4,1.0,25.0
"AL,73",4,1.0,25.0
"PB,33",8,2.0,25.0
"TO,45",12,3.0,25.0
"RS,75",8,2.0,25.0
"MT,52",12,3.0,25.0
"SC,61",8,2.0,25.0
"MS,42",24,6.0,25.0
"MA,55",8,2.0,25.0
"RJ,80",12,3.0,25.0
"TO,62",4,1.0,25.0
"AL,50",8,2.0,25.0
"AC,49",4,1.0,25.0
"RJ,73",32,8.0,25.0
"PR,78",4,1.0,25.0
"TO,61",4,1.0,25.0
"AM,70",4,1.0,25.0
"CE,73",4,1.0,25.0
"MG,80",8,2.0,25.0
"SE,34",4,1.0,25.0
"SE,56",4,1.0,25.0
"AL,25",4,1.0,25.0
"GO,56",16,4.0,25.0
"RJ,58",72,18.0,25.0
"ES,73",4,1.0,25.0
"RS,62",31,8.0,25.806451612903224
"BA,65",19,5.0,26.31578947368421
"RJ,77",19,5.0,26.31578947368421
"DF,36",19,5.0,26.31578947368421
"GO,57",19,5.0,26.31578947368421
"MG,58",34,9.0,26.47058823529412
"RO,42",15,4.0,26.666666666666668
"RO,31",15,4.0,26.666666666666668
"PI,52",11,3.0,27.27272727272727
"SC,51",11,3.0,27.27272727272727
"MS,23",11,3.0,27.27272727272727
"MS,46",11,3.0,27.27272727272727
"SP,84",11,3.0,27.27272727272727
"RS,-1",32,9.0,28.125
"GO,32",46,13.0,28.26086956521739
"RN,27",7,2.0,28.57142857142857
"ES,65",7,2.0,28.57142857142857
"PR,21",7,2.0,28.57142857142857
"PB,63",7,2.0,28.57142857142857
"RN,75",7,2.0,28.57142857142857
"DF,69",7,2.0,28.57142857142857
"SE,44",7,2.0,28.57142857142857
"RN,58",7,2.0,28.57142857142857
"PE,63",14,4.0,28.57142857142857
"AC,33",7,2.0,28.57142857142857
"PI,56",7,2.0,28.57142857142857
"DF,-1",7,2.0,28.57142857142857
"RJ,69",35,10.0,28.57142857142857
"SP,85",7,2.0,28.57142857142857
"PI,45",14,4.0,28.57142857142857
"SC,57",14,4.0,28.57142857142857
"PB,52",7,2.0,28.57142857142857
"PI,62",7,2.0,28.57142857142857
"MG,78",7,2.0,28.57142857142857
"RN,24",7,2.0,28.57142857142857
"AP,36",7,2.0,28.57142857142857
"MS,53",7,2.0,28.57142857142857
"SP,79",24,7.0,29.166666666666668
"SC,41",24,7.0,29.166666666666668
"RJ,59",54,16.0,29.629629629629626
"BA,58",27,8.0,29.629629629629626
"CE,68",10,3.0,30.0
"MA,50",20,6.0,30.0
"GO,66",10,3.0,30.0
"TO,39",10,3.0,30.0
"RS,70",10,3.0,30.0
"AL,49",10,3.0,30.0
"ES,25",10,3.0,30.0
"BA,71",10,3.0,30.0
"CE,50",20,6.0,30.0
"AL,55",10,3.0,30.0
"PE,28",23,7.0,30.434782608695656
"PE,30",23,7.0,30.434782608695656
"RJ,81",13,4.0,30.76923076923077
"MG,75",13,4.0,30.76923076923077
"GO,53",39,12.0,30.76923076923077
"ES,28",13,4.0,30.76923076923077
"SP,73",68,21.0,30.88235294117647
"RJ,56",61,19.0,31.147540983606557
"SC,28",16,5.0,31.25
"RS,33",64,20.0,31.25
"RS,67",16,5.0,31.25
"PR,-1",35,11.0,31.428571428571427
"MS,54",19,6.0,31.57894736842105
"BA,62",19,6.0,31.57894736842105
"PE,55",19,6.0,31.57894736842105
"RN,34",19,6.0,31.57894736842105
"RJ,68",44,14.0,31.818181818181817
"GO,54",22,7.0,31.818181818181817
"RS,37",74,24.0,32.432432432432435
"BA,54",40,13.0,32.5
"RS,29",49,16.0,32.6530612244898
"AM,76",3,1.0,33.33333333333333
"PA,47",18,6.0,33.33333333333333
"AL,36",9,3.0,33.33333333333333
"SC,62",6,2.0,33.33333333333333
"MG,57",30,10.0,33.33333333333333
"ES,74",3,1.0,33.33333333333333
"RJ,55",66,22.0,33.33333333333333
"MG,62",21,7.0,33.33333333333333
"PA,65",12,4.0,33.33333333333333
"ES,58",6,2.0,33.33333333333333
"RN,55",6,2.0,33.33333333333333
"BA,86",3,1.0,33.33333333333333
"CE,65",3,1.0,33.33333333333333
"PI,63",3,1.0,33.33333333333333
"MT,71",3,1.0,33.33333333333333
"SC,68",3,1.0,33.33333333333333
"SC,74",3,1.0,33.33333333333333
"PE,59",6,2.0,33.33333333333333
"SE,50",3,1.0,33.33333333333333
"ES,63",3,1.0,33.33333333333333
"MG,77",6,2.0,33.33333333333333
"RO,39",15,5.0,33.33333333333333
"MT,36",15,5.0,33.33333333333333
"PB,32",3,1.0,33.33333333333333
"MT,61",6,2.0,33.33333333333333
"MA,62",3,1.0,33.33333333333333
"RO,72",3,1.0,33.33333333333333
"MT,70",3,1.0,33.33333333333333
"PI,55",3,1.0,33.33333333333333
"TO,65",3,1.0,33.33333333333333
"SP,94",3,1.0,33.33333333333333
"GO,80",3,1.0,33.33333333333333
"PI,43",12,4.0,33.33333333333333
"RS,52",27,9.0,33.33333333333333
"GO,77",3,1.0,33.33333333333333
"RR,25",3,1.0,33.33333333333333
"RR,26",3,1.0,33.33333333333333
"AL,64",3,1.0,33.33333333333333
"TO,48",6,2.0,33.33333333333333
"AL,52",6,2.0,33.33333333333333
"RN,38",6,2.0,33.33333333333333
"DF,70",3,1.0,33.33333333333333
"SE,54",3,1.0,33.33333333333333
"SP,87",6,2.0,33.33333333333333
"PA,73",3,1.0,33.33333333333333
"AP,33",3,1.0,33.33333333333333
"RJ,95",3,1.0,33.33333333333333
"PB,73",3,1.0,33.33333333333333
"CE,54",15,5.0,33.33333333333333
"PB,72",3,1.0,33.33333333333333
"RS,82",3,1.0,33.33333333333333
"RJ,94",3,1.0,33.33333333333333
"RN,32",12,4.0,33.33333333333333
"BA,60",21,7.0,33.33333333333333
"PB,56",3,1.0,33.33333333333333
"CE,77",3,1.0,33.33333333333333
"TO,49",6,2.0,33.33333333333333
"SC,69",6,2.0,33.33333333333333
"SC,79",3,1.0,33.33333333333333
"RN,47",15,5.0,33.33333333333333
"CE,69",3,1.0,33.33333333333333
"RO,73",3,1.0,33.33333333333333
"SE,57",3,1.0,33.33333333333333
"PI,60",3,1.0,33.33333333333333
"PE,64",9,3.0,33.33333333333333
"MT,66",3,1.0,33.33333333333333
"SC,59",6,2.0,33.33333333333333
"RO,51",6,2.0,33.33333333333333
"MA,75",3,1.0,33.33333333333333
"PA,64",6,2.0,33.33333333333333
"TO,75",3,1.0,33.33333333333333
"GO,82",3,1.0,33.33333333333333
"RN,52",6,2.0,33.33333333333333
"CE,59",9,3.0,33.33333333333333
"PB,55",6,2.0,33.33333333333333
"PR,53",24,8.0,33.33333333333333
"MT,46",12,4.0,33.33333333333333
"RJ,76",21,7.0,33.33333333333333
"TO,44",9,3.0,33.33333333333333
"BA,61",24,8.0,33.33333333333333
"SE,71",3,1.0,33.33333333333333
"PR,70",6,2.0,33.33333333333333
"BA,66",15,5.0,33.33333333333333
"BA,70",6,2.0,33.33333333333333
"AC,40",3,1.0,33.33333333333333
"GO,55",21,7.0,33.33333333333333
"RN,51",9,3.0,33.33333333333333
"DF,55",12,4.0,33.33333333333333
"PE,57",15,5.0,33.33333333333333
"ES,30",6,2.0,33.33333333333333
"DF,56",18,6.0,33.33333333333333
"AC,44",3,1.0,33.33333333333333
"RR,30",3,1.0,33.33333333333333
"MS,69",3,1.0,33.33333333333333
"RN,35",12,4.0,33.33333333333333
"AP,32",6,2.0,33.33333333333333
"RJ,90",3,1.0,33.33333333333333
"AM,73",3,1.0,33.33333333333333
"MS,70",6,2.0,33.33333333333333
"CE,62",12,4.0,33.33333333333333
"MA,57",9,3.0,33.33333333333333
"ES,69",3,1.0,33.33333333333333
"SC,64",6,2.0,33.33333333333333
"RJ,65",44,15.0,34.090909090909086
"RJ,35",117,40.0,34.18803418803419
"PE,45",35,12.0,34.285714285714285
"MG,59",32,11.0,34.375
"PE,49",32,11.0,34.375
"SP,-1",278,96.0,34.53237410071942
"RS,59",26,9.0,34.61538461538461
"MT,34",26,9.0,34.61538461538461
"PE,35",26,9.0,34.61538461538461
"MG,64",23,8.0,34.78260869565217
"GO,58",20,7.0,35.0
"RS,65",20,7.0,35.0
"MT,43",20,7.0,35.0
"MG,31",57,20.0,35.08771929824561
"BA,37",71,25.0,35.2112676056338
"RJ,62",51,18.0,35.294117647058826
"MT,49",17,6.0,35.294117647058826
"PE,60",17,6.0,35.294117647058826
"ES,-1",17,6.0,35.294117647058826
"CE,29",34,12.0,35.294117647058826
"TO,31",17,6.0,35.294117647058826
"PA,39",31,11.0,35.483870967741936
"GO,45",42,15.0,35.714285714285715
"RS,38",70,25.0,35.714285714285715
"PI,40",14,5.0,35.714285714285715
"GO,59",14,5.0,35.714285714285715
"PR,64",14,5.0,35.714285714285715
"PR,52",28,10.0,35.714285714285715
"RJ,32",92,33.0,35.869565217391305
"SC,38",25,9.0,36.0
"PR,25",25,9.0,36.0
"AM,28",25,9.0,36.0
"ES,34",11,4.0,36.36363636363637
"RS,57",33,12.0,36.36363636363637
"PB,30",11,4.0,36.36363636363637
"GO,61",11,4.0,36.36363636363637
"PA,34",22,8.0,36.36363636363637
"MT,59",11,4.0,36.36363636363637
"TO,47",11,4.0,36.36363636363637
"MG,67",11,4.0,36.36363636363637
"RJ,67",63,23.0,36.507936507936506
"PR,66",19,7.0,36.84210526315789
"RS,36",57,21.0,36.84210526315789
"RS,69",19,7.0,36.84210526315789
"RS,26",35,13.0,37.142857142857146
"RJ,29",86,32.0,37.2093023255814
"SP,67",83,31.0,37.34939759036144
"CE,61",16,6.0,37.5
"MG,68",16,6.0,37.5
"AL,-1",8,3.0,37.5
"AP,49",8,3.0,37.5
"AL,26",8,3.0,37.5
"PB,47",8,3.0,37.5
"PB,45",8,3.0,37.5
"MS,32",16,6.0,37.5
"RO,38",16,6.0,37.5
"CE,63",8,3.0,37.5
"RN,31",16,6.0,37.5
"PE,43",40,15.0,37.5
"PE,48",32,12.0,37.5
"MS,61",8,3.0,37.5
"RN,43",8,3.0,37.5
"RN,29",8,3.0,37.5
"RO,21",8,3.0,37.5
"MA,56",8,3.0,37.5
"TO,46",8,3.0,37.5
"MG,69",16,6.0,37.5
"PI,58",8,3.0,37.5
"RJ,72",24,9.0,37.5
"ES,53",8,3.0,37.5
"RS,60",32,12.0,37.5
"TO,28",8,3.0,37.5
"BA,57",24,9.0,37.5
"SP,81",8,3.0,37.5
"RJ,43",127,48.0,37.79527559055118
"GO,37",37,14.0,37.83783783783784
"BA,34",58,22.0,37.93103448275862
"RJ,70",42,16.0,38.095238095238095
"MA,30",21,8.0,38.095238095238095
"BA,64",13,5.0,38.46153846153847
"PI,35",13,5.0,38.46153846153847
"PR,29",26,10.0,38.46153846153847
"MG,65",13,5.0,38.46153846153847
"PR,57",13,5.0,38.46153846153847
"CE,53",13,5.0,38.46153846153847
"PR,63",13,5.0,38.46153846153847
"MA,34",26,10.0,38.46153846153847
"MS,59",13,5.0,38.46153846153847
"RO,26",13,5.0,38.46153846153847
"BA,69",13,5.0,38.46153846153847
"PA,57",13,5.0,38.46153846153847
"DF,59",13,5.0,38.46153846153847
"BA,45",65,25.0,38.46153846153847
"PA,37",31,12.0,38.70967741935484
"CE,36",49,19.0,38.775510204081634
"SC,35",18,7.0,38.88888888888889
"RO,37",18,7.0,38.88888888888889
"PR,61",18,7.0,38.88888888888889
"PR,37",41,16.0,39.02439024390244
"DF,48",23,9.0,39.130434782608695
"DF,27",23,9.0,39.130434782608695
"BA,36",56,22.0,39.285714285714285
"MG,23",28,11.0,39.285714285714285
"RJ,36",89,35.0,39.325842696629216
"BA,33",61,24.0,39.34426229508197
"GO,50",38,15.0,39.473684210526315
"RJ,44",119,47.0,39.49579831932773
"GO,33",53,21.0,39.62264150943396
"PB,24",5,2.0,40.0
"AL,48",5,2.0,40.0
"MT,57",10,4.0,40.0
"AC,29",5,2.0,40.0
"SC,52",20,8.0,40.0
"MT,55",10,4.0,40.0
"AL,59",5,2.0,40.0
"AC,48",5,2.0,40.0
"PE,38",30,12.0,40.0
"PR,34",35,14.0,40.0
"PB,42",10,4.0,40.0
"PB,49",5,2.0,40.0
"MA,51",15,6.0,40.0
"MA,64",5,2.0,40.0
"PI,31",15,6.0,40.0
"DF,53",20,8.0,40.0
"PI,23",5,2.0,40.0
"GO,72",5,2.0,40.0
"MT,65",5,2.0,40.0
"MT,27",20,8.0,40.0
"BA,76",5,2.0,40.0
"RS,74",10,4.0,40.0
"MT,24",15,6.0,40.0
"RR,35",5,2.0,40.0
"CE,75",5,2.0,40.0
"CE,60",10,4.0,40.0
"SP,123",5,2.0,40.0
"SE,33",5,2.0,40.0
"DF,66",5,2.0,40.0
"AC,32",5,2.0,40.0
"BA,63",25,10.0,40.0
"ES,67",5,2.0,40.0
"PR,75",5,2.0,40.0
"ES,43",20,8.0,40.0
"PE,46",30,12.0,40.0
"RS,35",40,16.0,40.0
"MT,31",20,8.0,40.0
"CE,43",35,14.0,40.0
"PA,56",10,4.0,40.0
"SP,59",134,54.0,40.298507462686565
"CE,33",37,15.0,40.54054054054054
"MG,55",32,13.0,40.625
"PR,30",32,13.0,40.625
"RJ,28",113,46.0,40.707964601769916
"RJ,37",113,46.0,40.707964601769916
"BA,29",54,22.0,40.74074074074074
"SC,42",27,11.0,40.74074074074074
"SC,37",27,11.0,40.74074074074074
"SC,43",27,11.0,40.74074074074074
"CE,46",27,11.0,40.74074074074074
"RS,34",49,20.0,40.816326530612244
"RS,32",49,20.0,40.816326530612244
"GO,25",44,18.0,40.909090909090914
"CE,26",22,9.0,40.909090909090914
"PR,32",44,18.0,40.909090909090914
"AL,43",17,7.0,41.17647058823529
"SC,26",17,7.0,41.17647058823529
"MA,25",17,7.0,41.17647058823529
"RS,64",17,7.0,41.17647058823529
"PI,47",17,7.0,41.17647058823529
"AL,32",17,7.0,41.17647058823529
"GO,49",29,12.0,41.37931034482759
"MG,63",29,12.0,41.37931034482759
"BA,24",29,12.0,41.37931034482759
"DF,34",29,12.0,41.37931034482759
"RS,55",29,12.0,41.37931034482759
"PE,32",41,17.0,41.46341463414634
"GO,26",41,17.0,41.46341463414634
"RJ,40",123,51.0,41.46341463414634
"MS,51",12,5.0,41.66666666666667
"AM,55",12,5.0,41.66666666666667
"AL,37",12,5.0,41.66666666666667
"MA,39",24,10.0,41.66666666666667
"PR,55",24,10.0,41.66666666666667
"SC,55",12,5.0,41.66666666666667
"SC,63",12,5.0,41.66666666666667
"RJ,57",79,33.0,41.77215189873418
"GO,48",43,18.0,41.86046511627907
"CE,31",31,13.0,41.935483870967744
"RS,53",31,13.0,41.935483870967744
"SP,75",31,13.0,41.935483870967744
"MG,27",38,16.0,42.10526315789473
"MT,30",19,8.0,42.10526315789473
"PR,28",38,16.0,42.10526315789473
"PI,34",19,8.0,42.10526315789473
"GO,36",57,24.0,42.10526315789473
"RJ,49",102,43.0,42.15686274509804
"BA,47",45,19.0,42.22222222222222
"SP,76",26,11.0,42.30769230769231
"SP,65",99,42.0,42.42424242424242
"BA,48",33,14.0,42.42424242424242
"PE,47",40,17.0,42.5
"PE,37",40,17.0,42.5
"MG,52",40,17.0,42.5
"GO,34",61,26.0,42.62295081967213
"RN,49",7,3.0,42.857142857142854
"PI,54",7,3.0,42.857142857142854
"PR,67",14,6.0,42.857142857142854
"AL,33",7,3.0,42.857142857142854
"SP,64",91,39.0,42.857142857142854
"TO,23",7,3.0,42.857142857142854
"RJ,31",91,39.0,42.857142857142854
"PB,57",7,3.0,42.857142857142854
"AC,34",7,3.0,42.857142857142854
"BA,31",56,24.0,42.857142857142854
"MA,31",28,12.0,42.857142857142854
"CE,30",35,15.0,42.857142857142854
"CE,27",28,12.0,42.857142857142854
"ES,68",7,3.0,42.857142857142854
"TO,22",7,3.0,42.857142857142854
"RN,64",7,3.0,42.857142857142854
"PB,40",14,6.0,42.857142857142854
"PI,27",7,3.0,42.857142857142854
"AP,43",7,3.0,42.857142857142854
"MT,56",7,3.0,42.857142857142854
"GO,44",37,16.0,43.24324324324324
"RS,54",37,16.0,43.24324324324324
"DF,32",30,13.0,43.333333333333336
"RJ,50",90,39.0,43.333333333333336
"DF,38",30,13.0,43.333333333333336
"RS,27",60,26.0,43.333333333333336
"SC,39",23,10.0,43.47826086956522
"SC,46",23,10.0,43.47826086956522
"RJ,34",115,50.0,43.47826086956522
"BA,22",16,7.0,43.75
"RS,56",32,14.0,43.75
"CE,38",50,22.0,44.0
"DF,35",25,11.0,44.0
"MT,44",25,11.0,44.0
"RS,28",59,26.0,44.06779661016949
"RJ,54",79,35.0,44.303797468354425
"MS,37",9,4.0,44.44444444444444
"PA,45",18,8.0,44.44444444444444
"RO,47",9,4.0,44.44444444444444
"MS,55",9,4.0,44.44444444444444
"CE,25",27,12.0,44.44444444444444
"PA,36",27,12.0,44.44444444444444
"MG,60",27,12.0,44.44444444444444
"RJ,30",99,44.0,44.44444444444444
"RO,53",9,4.0,44.44444444444444
"CE,37",54,24.0,44.44444444444444
"MT,-1",9,4.0,44.44444444444444
"RO,27",9,4.0,44.44444444444444
"RO,24",9,4.0,44.44444444444444
"MS,63",9,4.0,44.44444444444444
"PI,46",18,8.0,44.44444444444444
"AM,54",18,8.0,44.44444444444444
"DF,62",9,4.0,44.44444444444444
"BA,56",36,16.0,44.44444444444444
"PE,67",9,4.0,44.44444444444444
"RS,58",38,17.0,44.73684210526316
"PR,44",38,17.0,44.73684210526316
"RS,43",58,26.0,44.827586206896555
"PA,32",29,13.0,44.827586206896555
"PR,48",29,13.0,44.827586206896555
"MG,28",49,22.0,44.89795918367347
"GO,28",49,22.0,44.89795918367347
"GO,47",49,22.0,44.89795918367347
"CE,48",20,9.0,45.0
"PE,42",51,23.0,45.09803921568628
"RS,46",31,14.0,45.16129032258064
"MG,37",64,29.0,45.3125
"RJ,48",97,44.0,45.36082474226804
"PR,68",11,5.0,45.45454545454545
"AM,26",11,5.0,45.45454545454545
"CE,56",11,5.0,45.45454545454545
"DF,23",11,5.0,45.45454545454545
"SP,72",44,20.0,45.45454545454545
"DF,61",11,5.0,45.45454545454545
"RJ,75",22,10.0,45.45454545454545
"SP,68",77,35.0,45.45454545454545
"MS,35",22,10.0,45.45454545454545
"RO,29",11,5.0,45.45454545454545
"MT,48",11,5.0,45.45454545454545
"PI,50",11,5.0,45.45454545454545
"AP,34",11,5.0,45.45454545454545
"PE,68",11,5.0,45.45454545454545
"PR,41",44,20.0,45.45454545454545
"MG,39",79,36.0,45.56962025316456
"CE,40",35,16.0,45.714285714285715
"PE,51",24,11.0,45.83333333333333
"PA,43",24,11.0,45.83333333333333
"DF,46",24,11.0,45.83333333333333
"MT,35",24,11.0,45.83333333333333
"MS,34",24,11.0,45.83333333333333
"RS,40",61,28.0,45.90163934426229
"RS,45",61,28.0,45.90163934426229
"SC,33",26,12.0,46.15384615384615
"TO,37",13,6.0,46.15384615384615
"MT,25",13,6.0,46.15384615384615
"MA,35",26,12.0,46.15384615384615
"RO,40",13,6.0,46.15384615384615
"PI,48",13,6.0,46.15384615384615
"TO,29",13,6.0,46.15384615384615
"GO,62",13,6.0,46.15384615384615
"AL,28",13,6.0,46.15384615384615
"BA,44",67,31.0,46.26865671641791
"RJ,38",121,56.0,46.28099173553719
"BA,50",41,19.0,46.34146341463415
"RS,23",41,19.0,46.34146341463415
"BA,28",41,19.0,46.34146341463415
"RJ,24",69,32.0,46.3768115942029
"RJ,53",84,39.0,46.42857142857143
"RJ,61",71,33.0,46.478873239436616
"RS,48",43,20.0,46.51162790697674
"SP,71",58,27.0,46.55172413793103
"SC,23",15,7.0,46.666666666666664
"MG,41",45,21.0,46.666666666666664
"PR,26",30,14.0,46.666666666666664
"MG,61",30,14.0,46.666666666666664
"DF,39",15,7.0,46.666666666666664
"RN,50",15,7.0,46.666666666666664
"MS,33",15,7.0,46.666666666666664
"SP,74",45,21.0,46.666666666666664
"AL,31",15,7.0,46.666666666666664
"MA,33",32,15.0,46.875
"RJ,26",66,31.0,46.96969696969697
"RJ,41",134,63.0,47.01492537313433
"RJ,23",51,24.0,47.05882352941176
"GO,46",51,24.0,47.05882352941176
"PE,54",17,8.0,47.05882352941176
"PE,40",51,24.0,47.05882352941176
"PR,31",34,16.0,47.05882352941176
"RN,39",17,8.0,47.05882352941176
"GO,40",68,32.0,47.05882352941176
"SP,35",320,151.0,47.1875
"MT,32",19,9.0,47.368421052631575
"MG,51",38,18.0,47.368421052631575
"RJ,63",57,27.0,47.368421052631575
"CE,49",38,18.0,47.368421052631575
"PI,36",19,9.0,47.368421052631575
"SP,62",97,46.0,47.42268041237113
"SP,69",59,28.0,47.45762711864407
"RJ,52",80,38.0,47.5
"GO,24",40,19.0,47.5
"SP,57",143,68.0,47.55244755244755
"SP,77",21,10.0,47.61904761904761
"PE,50",21,10.0,47.61904761904761
"PR,46",44,21.0,47.72727272727273
"MG,32",44,21.0,47.72727272727273
"PR,38",44,21.0,47.72727272727273
"SP,29",249,119.0,47.791164658634536
"AM,32",23,11.0,47.82608695652174
"PR,58",23,11.0,47.82608695652174
"PE,41",48,23.0,47.91666666666667
"SP,63",98,47.0,47.95918367346938
"PA,46",25,12.0,48.0
"PA,35",25,12.0,48.0
"MT,41",25,12.0,48.0
"MG,42",75,36.0,48.0
"BA,26",25,12.0,48.0
"MG,49",52,25.0,48.07692307692308
"RJ,46",106,51.0,48.113207547169814
"PE,31",27,13.0,48.148148148148145
"MG,25",27,13.0,48.148148148148145
"MG,53",58,28.0,48.275862068965516
"CE,39",29,14.0,48.275862068965516
"RJ,60",64,31.0,48.4375
"BA,23",33,16.0,48.484848484848484
"PR,39",35,17.0,48.57142857142857
"MG,54",37,18.0,48.64864864864865
"RS,51",37,18.0,48.64864864864865
"BA,42",76,37.0,48.68421052631579
"SP,61",115,56.0,48.69565217391305
"RS,30",51,25.0,49.01960784313725
"SP,55",157,77.0,49.044585987261144
"GO,27",53,26.0,49.056603773584904
"BA,35",57,28.0,49.122807017543856
"RJ,45",116,57.0,49.137931034482754
"MG,34",63,31.0,49.2063492063492
"GO,31",65,32.0,49.23076923076923
"RS,41",65,32.0,49.23076923076923
"MG,33",67,33.0,49.25373134328358
"SP,70",71,35.0,49.29577464788733
"BA,43",73,36.0,49.31506849315068
"RJ,33",95,47.0,49.473684210526315
"DF,29",22,11.0,50.0
"GO,75",4,2.0,50.0
"ES,39",16,8.0,50.0
"RS,25",36,18.0,50.0
"AL,54",8,4.0,50.0
"DF,31",20,10.0,50.0
"PE,53",22,11.0,50.0
"RR,31",2,1.0,50.0
"BA,87",2,1.0,50.0
"SP,82",10,5.0,50.0
"CE,51",20,10.0,50.0
"MG,76",4,2.0,50.0
"AC,50",2,1.0,50.0
"RR,38",2,1.0,50.0
"AP,39",8,4.0,50.0
"PA,33",26,13.0,50.0
"TO,34",18,9.0,50.0
"MA,68",2,1.0,50.0
"SC,40",26,13.0,50.0
"PA,70",2,1.0,50.0
"AP,25",4,2.0,50.0
"AM,71",2,1.0,50.0
"PR,83",2,1.0,50.0
"PR,22",10,5.0,50.0
"SC,66",6,3.0,50.0
"AP,71",2,1.0,50.0
"RS,68",16,8.0,50.0
"SP,58",136,68.0,50.0
"AM,68",2,1.0,50.0
"AP,40",8,4.0,50.0
"MA,82",2,1.0,50.0
"SE,26",2,1.0,50.0
"AP,24",2,1.0,50.0
"RO,60",6,3.0,50.0
"MS,82",2,1.0,50.0
"AM,67",6,3.0,50.0
"AL,58",6,3.0,50.0
"RR,53",2,1.0,50.0
"TO,68",2,1.0,50.0
"MS,49",12,6.0,50.0
"SE,36",4,2.0,50.0
"MT,81",2,1.0,50.0
"RO,67",2,1.0,50.0
"RN,42",10,5.0,50.0
"DF,25",16,8.0,50.0
"BA,46",56,28.0,50.0
"SP,99",2,1.0,50.0
"AP,27",4,2.0,50.0
"RO,56",4,2.0,50.0
"DF,77",2,1.0,50.0
"RJ,64",44,22.0,50.0
"AC,42",6,3.0,50.0
"PE,62",14,7.0,50.0
"PB,79",2,1.0,50.0
"AL,29",12,6.0,50.0
"RN,30",14,7.0,50.0
"MS,58",10,5.0,50.0
"AP,69",2,1.0,50.0
"MG,36",52,26.0,50.0
"SE,42",2,1.0,50.0
"PI,24",8,4.0,50.0
"DF,33",32,16.0,50.0
"MS,45",12,6.0,50.0
"MT,53",10,5.0,50.0
"AP,26",2,1.0,50.0
"BA,55",30,15.0,50.0
"MG,24",32,16.0,50.0
"AP,52",2,1.0,50.0
"GO,51",22,11.0,50.0
"MS,75",2,1.0,50.0
"AC,67",2,1.0,50.0
"AP,58",2,1.0,50.0
"BA,27",38,19.0,50.0
"AP,55",2,1.0,50.0
"SE,32",6,3.0,50.0
"AL,40",8,4.0,50.0
"RS,88",2,1.0,50.0
"AL,79",2,1.0,50.0
"MG,70",16,8.0,50.0
"RR,34",2,1.0,50.0
"PB,59",2,1.0,50.0
"MG,47",58,29.0,50.0
"AP,23",4,2.0,50.0
"RO,77",2,1.0,50.0
"PA,48",18,9.0,50.0
"AP,42",4,2.0,50.0
"SE,41",2,1.0,50.0
"AL,22",2,1.0,50.0
"TO,20",2,1.0,50.0
"DF,79",4,2.0,50.0
"RS,63",20,10.0,50.0
"MA,76",2,1.0,50.0
"PA,50",18,9.0,50.0
"SE,76",2,1.0,50.0
"RN,54",12,6.0,50.0
"AM,57",8,4.0,50.0
"MA,52",10,5.0,50.0
"RO,63",4,2.0,50.0
"GO,64",12,6.0,50.0
"ES,46",10,5.0,50.0
"RJ,88",4,2.0,50.0
"AL,57",2,1.0,50.0
"DF,60",4,2.0,50.0
"SE,64",2,1.0,50.0
"CE,20",2,1.0,50.0
"ES,70",2,1.0,50.0
"MS,40",22,11.0,50.0
"PI,67",2,1.0,50.0
"DF,47",20,10.0,50.0
"DF,52",14,7.0,50.0
"AL,70",2,1.0,50.0
"RN,33",16,8.0,50.0
"MA,78",2,1.0,50.0
"RJ,78",8,4.0,50.0
"TO,51",2,1.0,50.0
"RR,21",2,1.0,50.0
"AL,47",8,4.0,50.0
"MT,51",12,6.0,50.0
"PE,77",4,2.0,50.0
"PR,79",4,2.0,50.0
"ES,29",8,4.0,50.0
"SE,65",4,2.0,50.0
"AC,21",2,1.0,50.0
"BA,51",42,21.0,50.0
"AL,34",14,7.0,50.0
"MS,28",8,4.0,50.0
"ES,56",6,3.0,50.0
"PI,71",4,2.0,50.0
"SE,43",2,1.0,50.0
"AC,41",6,3.0,50.0
"RO,52",6,3.0,50.0
"ES,50",8,4.0,50.0
"AC,43",2,1.0,50.0
"PI,29",10,5.0,50.0
"RN,48",6,3.0,50.0
"SE,25",4,2.0,50.0
"AC,46",4,2.0,50.0
"RN,69",2,1.0,50.0
"SE,39",4,2.0,50.0
"PE,24",20,10.0,50.0
"AP,21",2,1.0,50.0
"PR,23",10,5.0,50.0
"SE,29",2,1.0,50.0
"RS,84",2,1.0,50.0
"PB,69",4,2.0,50.0
"BA,49",28,14.0,50.0
"RN,65",6,3.0,50.0
"MT,58",10,5.0,50.0
"AC,54",4,2.0,50.0
"AP,30",4,2.0,50.0
"TO,53",6,3.0,50.0
"PA,19",2,1.0,50.0
"GO,38",50,25.0,50.0
"TO,43",6,3.0,50.0
"MA,23",14,7.0,50.0
"RO,68",4,2.0,50.0
"AP,41",2,1.0,50.0
"SE,40",10,5.0,50.0
"PA,29",30,15.0,50.0
"AC,28",2,1.0,50.0
"RO,65",2,1.0,50.0
"PB,39",16,8.0,50.0
"PE,61",10,5.0,50.0
"PA,72",4,2.0,50.0
"ES,23",8,4.0,50.0
"MG,72",8,4.0,50.0
"GO,63",10,5.0,50.0
"RO,66",2,1.0,50.0
"RN,26",4,2.0,50.0
"PI,64",4,2.0,50.0
"MT,68",2,1.0,50.0
"PB,44",12,6.0,50.0
"PR,50",30,15.0,50.0
"SP,50",234,118.0,50.427350427350426
"SP,66",77,39.0,50.649350649350644
"BA,41",71,36.0,50.70422535211267
"RJ,39",114,58.0,50.877192982456144
"SP,56",159,81.0,50.943396226415096
"SP,32",263,134.0,50.950570342205324
"MG,29",49,25.0,51.02040816326531
"BA,32",45,23.0,51.11111111111111
"PE,36",39,20.0,51.28205128205128
"RS,39",68,35.0,51.470588235294116
"BA,52",31,16.0,51.61290322580645
"MA,32",31,16.0,51.61290322580645
"DF,43",29,15.0,51.724137931034484
"GO,42",56,29.0,51.78571428571429
"RJ,47",104,54.0,51.92307692307693
"GO,23",25,13.0,52.0
"RS,24",25,13.0,52.0
"CE,42",25,13.0,52.0
"MA,37",25,13.0,52.0
"PA,44",25,13.0,52.0
"GO,29",50,26.0,52.0
"SP,78",23,12.0,52.17391304347826
"CE,45",23,12.0,52.17391304347826
"GO,41",67,35.0,52.23880597014925
"MG,35",67,35.0,52.23880597014925
"SP,49",243,127.0,52.2633744855967
"ES,40",21,11.0,52.38095238095239
"PI,41",21,11.0,52.38095238095239
"GO,52",21,11.0,52.38095238095239
"RJ,42",137,72.0,52.55474452554745
"MS,43",19,10.0,52.63157894736842
"SC,27",19,10.0,52.63157894736842
"CE,35",38,20.0,52.63157894736842
"RS,42",57,30.0,52.63157894736842
"SP,53",186,98.0,52.68817204301075
"SP,33",293,155.0,52.901023890784984
"RJ,27",68,36.0,52.94117647058824
"MT,45",17,9.0,52.94117647058824
"SC,56",17,9.0,52.94117647058824
"TO,32",17,9.0,52.94117647058824
"MA,27",32,17.0,53.125
"PE,29",32,17.0,53.125
"MA,36",32,17.0,53.125
"GO,43",47,25.0,53.191489361702125
"RS,31",62,33.0,53.2258064516129
"BA,39",77,41.0,53.246753246753244
"SP,37",291,155.0,53.264604810996566
"CE,41",30,16.0,53.333333333333336
"CE,24",15,8.0,53.333333333333336
"PR,54",30,16.0,53.333333333333336
"CE,44",30,16.0,53.333333333333336
"MA,49",15,8.0,53.333333333333336
"PA,52",15,8.0,53.333333333333336
"PE,33",30,16.0,53.333333333333336
"CE,28",30,16.0,53.333333333333336
"ES,41",15,8.0,53.333333333333336
"TO,36",15,8.0,53.333333333333336
"PR,35",45,24.0,53.333333333333336
"PR,42",30,16.0,53.333333333333336
"SC,30",30,16.0,53.333333333333336
"SP,36",322,172.0,53.41614906832298
"SP,52",219,117.0,53.42465753424658
"GO,39",56,30.0,53.57142857142857
"MG,45",69,37.0,53.62318840579711
"RS,50",41,22.0,53.65853658536586
"RS,49",39,21.0,53.84615384615385
"TO,35",13,7.0,53.84615384615385
"SC,53",13,7.0,53.84615384615385
"ES,35",13,7.0,53.84615384615385
"GO,30",65,35.0,53.84615384615385
"PB,35",13,7.0,53.84615384615385
"RO,36",13,7.0,53.84615384615385
"PI,28",13,7.0,53.84615384615385
"RJ,51",89,48.0,53.93258426966292
"SP,26",198,107.0,54.04040404040404
"CE,34",35,19.0,54.285714285714285
"SP,60",140,76.0,54.285714285714285
"TO,33",11,6.0,54.54545454545454
"MG,46",55,30.0,54.54545454545454
"PA,63",11,6.0,54.54545454545454
"AM,56",11,6.0,54.54545454545454
"TO,27",11,6.0,54.54545454545454
"DF,21",11,6.0,54.54545454545454
"AL,38",11,6.0,54.54545454545454
"PR,62",11,6.0,54.54545454545454
"RO,49",11,6.0,54.54545454545454
"RO,43",11,6.0,54.54545454545454
"PI,37",11,6.0,54.54545454545454
"PR,33",42,23.0,54.761904761904766
"SC,47",20,11.0,55.00000000000001
"PI,44",20,11.0,55.00000000000001
"MT,33",20,11.0,55.00000000000001
"RS,61",20,11.0,55.00000000000001
"PR,59",20,11.0,55.00000000000001
"CE,47",20,11.0,55.00000000000001
"MS,36",20,11.0,55.00000000000001
"BA,40",69,38.0,55.072463768115945
"SP,38",324,179.0,55.24691358024691
"SP,24",175,97.0,55.42857142857143
"SP,28",220,122.0,55.45454545454545
"MA,22",9,5.0,55.55555555555556
"PA,27",27,15.0,55.55555555555556
"AM,47",18,10.0,55.55555555555556
"PA,22",9,5.0,55.55555555555556
"PB,46",9,5.0,55.55555555555556
"DF,44",36,20.0,55.55555555555556
"AL,45",9,5.0,55.55555555555556
"RO,54",9,5.0,55.55555555555556
"MT,60",9,5.0,55.55555555555556
"PA,55",9,5.0,55.55555555555556
"RO,33",18,10.0,55.55555555555556
"RO,48",9,5.0,55.55555555555556
"AM,24",18,10.0,55.55555555555556
"MA,59",9,5.0,55.55555555555556
"MG,48",54,30.0,55.55555555555556
"ES,47",9,5.0,55.55555555555556
"RN,45",9,5.0,55.55555555555556
"SP,80",9,5.0,55.55555555555556
"MG,40",79,44.0,55.69620253164557
"SP,25",220,123.0,55.90909090909091
"AM,42",25,14.0,56.00000000000001
"SP,34",260,146.0,56.15384615384615
"ES,48",16,9.0,56.25
"AL,39",16,9.0,56.25
"MG,20",16,9.0,56.25
"DF,42",39,22.0,56.41025641025641
"BA,53",46,26.0,56.52173913043478
"MT,39",23,13.0,56.52173913043478
"SC,44",23,13.0,56.52173913043478
"SP,40",336,190.0,56.547619047619044
"SP,27",228,129.0,56.57894736842105
"GO,35",60,34.0,56.666666666666664
"SC,36",30,17.0,56.666666666666664
"PR,49",30,17.0,56.666666666666664
"PE,44",37,21.0,56.75675675675676
"SP,51",211,120.0,56.872037914691944
"ES,38",21,12.0,57.14285714285714
"AM,34",28,16.0,57.14285714285714
"CE,21",7,4.0,57.14285714285714
"MS,62",7,4.0,57.14285714285714
"GO,69",7,4.0,57.14285714285714
"BA,30",49,28.0,57.14285714285714
"ES,60",7,4.0,57.14285714285714
"MA,43",14,8.0,57.14285714285714
"AM,65",7,4.0,57.14285714285714
"PB,27",7,4.0,57.14285714285714
"CE,52",28,16.0,57.14285714285714
"MA,53",14,8.0,57.14285714285714
"PE,52",28,16.0,57.14285714285714
"AL,35",7,4.0,57.14285714285714
"MS,47",14,8.0,57.14285714285714
"RO,50",7,4.0,57.14285714285714
"GO,68",7,4.0,57.14285714285714
"PB,48",7,4.0,57.14285714285714
"PA,40",28,16.0,57.14285714285714
"SE,-1",7,4.0,57.14285714285714
"MG,38",91,52.0,57.14285714285714
"MS,27",14,8.0,57.14285714285714
"BA,38",63,36.0,57.14285714285714
"AL,53",7,4.0,57.14285714285714
"SC,31",21,12.0,57.14285714285714
"MG,43",61,35.0,57.377049180327866
"MG,50",54,31.0,57.407407407407405
"PR,36",40,23.0,57.49999999999999
"DF,40",33,19.0,57.57575757575758
"PR,51",33,19.0,57.57575757575758
"MG,22",26,15.0,57.692307692307686
"DF,45",26,15.0,57.692307692307686
"PR,43",52,30.0,57.692307692307686
"SP,44",305,176.0,57.70491803278689
"RS,47",45,26.0,57.77777777777777
"PA,51",19,11.0,57.89473684210527
"ES,45",19,11.0,57.89473684210527
"PA,41",19,11.0,57.89473684210527
"MG,30",57,33.0,57.89473684210527
"AM,37",19,11.0,57.89473684210527
"PA,30",19,11.0,57.89473684210527
"SP,43",354,205.0,57.909604519774014
"SP,31",278,161.0,57.9136690647482
"PE,39",50,29.0,57.99999999999999
"SP,47",243,141.0,58.0246913580247
"MG,56",31,18.0,58.06451612903226
"AM,31",31,18.0,58.06451612903226
"RJ,22",43,25.0,58.139534883720934
"PA,31",24,14.0,58.333333333333336
"PB,37",12,7.0,58.333333333333336
"SC,50",24,14.0,58.333333333333336
"MT,22",12,7.0,58.333333333333336
"MA,26",24,14.0,58.333333333333336
"RJ,25",72,42.0,58.333333333333336
"PA,59",12,7.0,58.333333333333336
"TO,42",12,7.0,58.333333333333336
"PR,45",36,21.0,58.333333333333336
"PI,30",12,7.0,58.333333333333336
"RO,34",12,7.0,58.333333333333336
"MA,28",24,14.0,58.333333333333336
"TO,40",12,7.0,58.333333333333336
"AL,46",12,7.0,58.333333333333336
"SP,54",185,108.0,58.37837837837838
"MA,38",29,17.0,58.620689655172406
"MG,44",63,37.0,58.730158730158735
"MT,50",17,10.0,58.82352941176471
"MT,28",17,10.0,58.82352941176471
"MS,30",17,10.0,58.82352941176471
"RN,36",17,10.0,58.82352941176471
"PI,33",17,10.0,58.82352941176471
"DF,50",22,13.0,59.09090909090909
"PA,42",27,16.0,59.25925925925925
"MT,38",27,16.0,59.25925925925925
"PA,38",32,19.0,59.375
"SP,48",244,145.0,59.42622950819673
"MA,-1",5,3.0,60.0
"SC,67",5,3.0,60.0
"AL,42",10,6.0,60.0
"DF,58",10,6.0,60.0
"PE,26",30,18.0,60.0
"AM,60",5,3.0,60.0
"AL,27",10,6.0,60.0
"CE,58",10,6.0,60.0
"MG,74",5,3.0,60.0
"AP,35",5,3.0,60.0
"PB,62",5,3.0,60.0
"RO,41",15,9.0,60.0
"PA,68",5,3.0,60.0
"SC,48",20,12.0,60.0
"PA,49",20,12.0,60.0
"RN,62",5,3.0,60.0
"AM,40",35,21.0,60.0
"PB,65",5,3.0,60.0
"AP,47",5,3.0,60.0
"PB,22",5,3.0,60.0
"RN,57",5,3.0,60.0
"PA,61",5,3.0,60.0
"MT,42",20,12.0,60.0
"PA,58",15,9.0,60.0
"DF,72",5,3.0,60.0
"MT,29",20,12.0,60.0
"MS,41",25,15.0,60.0
"SP,42",320,192.0,60.0
"CE,23",5,3.0,60.0
"AM,36",30,18.0,60.0
"DF,30",20,12.0,60.0
"AL,51",5,3.0,60.0
"TO,30",10,6.0,60.0
"PR,40",35,21.0,60.0
"MS,21",5,3.0,60.0
"AP,37",5,3.0,60.0
"PB,23",5,3.0,60.0
"SC,71",5,3.0,60.0
"AC,51",5,3.0,60.0
"MT,40",20,12.0,60.0
"MA,41",30,18.0,60.0
"DF,65",10,6.0,60.0
"AM,69",5,3.0,60.0
"MG,19",5,3.0,60.0
"PR,76",5,3.0,60.0
"MG,26",40,24.0,60.0
"SC,32",30,18.0,60.0
"PB,64",5,3.0,60.0
"SP,30",232,140.0,60.3448275862069
"SP,39",313,189.0,60.383386581469644
"SP,46",250,151.0,60.4
"SP,41",326,198.0,60.73619631901841
"BA,25",23,14.0,60.86956521739131
"MT,47",18,11.0,61.111111111111114
"MT,37",18,11.0,61.111111111111114
"DF,24",18,11.0,61.111111111111114
"AM,30",18,11.0,61.111111111111114
"PA,26",18,11.0,61.111111111111114
"SP,45",277,170.0,61.371841155234655
"RS,20",13,8.0,61.53846153846154
"RN,37",13,8.0,61.53846153846154
"MA,48",13,8.0,61.53846153846154
"RO,30",13,8.0,61.53846153846154
"ES,31",13,8.0,61.53846153846154
"PB,29",13,8.0,61.53846153846154
"RO,44",13,8.0,61.53846153846154
"PR,24",21,13.0,61.904761904761905
"MA,45",21,13.0,61.904761904761905
"PE,34",21,13.0,61.904761904761905
"PI,25",8,5.0,62.5
"CE,66",8,5.0,62.5
"MG,79",8,5.0,62.5
"ES,51",8,5.0,62.5
"SC,25",8,5.0,62.5
"AM,51",16,10.0,62.5
"ES,33",8,5.0,62.5
"MS,60",8,5.0,62.5
"PI,49",16,10.0,62.5
"AM,41",24,15.0,62.5
"SC,49",16,10.0,62.5
"PA,66",8,5.0,62.5
"AM,25",16,10.0,62.5
"ES,32",16,10.0,62.5
"RO,28",16,10.0,62.5
"MS,29",16,10.0,62.5
"MA,29",24,15.0,62.5
"TO,41",8,5.0,62.5
"PI,26",8,5.0,62.5
"PI,57",8,5.0,62.5
"PR,27",27,17.0,62.96296296296296
"MA,40",27,17.0,62.96296296296296
"CE,32",30,19.0,63.33333333333333
"SP,23",172,109.0,63.372093023255815
"AM,27",22,14.0,63.63636363636363
"PA,23",11,7.0,63.63636363636363
"SC,24",11,7.0,63.63636363636363
"ES,36",11,7.0,63.63636363636363
"PR,65",11,7.0,63.63636363636363
"AM,35",22,14.0,63.63636363636363
"MS,31",11,7.0,63.63636363636363
"TO,38",22,14.0,63.63636363636363
"CE,57",11,7.0,63.63636363636363
"MS,24",11,7.0,63.63636363636363
"PA,28",25,16.0,64.0
"PE,27",25,16.0,64.0
"RO,25",14,9.0,64.28571428571429
"MS,44",14,9.0,64.28571428571429
"PR,47",34,22.0,64.70588235294117
"MA,44",20,13.0,65.0
"AM,48",20,13.0,65.0
"AM,43",23,15.0,65.21739130434783
"RS,44",52,34.0,65.38461538461539
"SP,22",136,89.0,65.44117647058823
"RJ,21",32,21.0,65.625
"AM,33",27,18.0,66.66666666666666
"PI,22",3,2.0,66.66666666666666
"MS,74",3,2.0,66.66666666666666
"GO,65",6,4.0,66.66666666666666
"AL,41",18,12.0,66.66666666666666
"SE,46",6,4.0,66.66666666666666
"AP,60",3,2.0,66.66666666666666
"AP,51",3,2.0,66.66666666666666
"TO,63",3,2.0,66.66666666666666
"RR,37",3,2.0,66.66666666666666
"DF,41",27,18.0,66.66666666666666
"PE,66",3,2.0,66.66666666666666
"PA,67",3,2.0,66.66666666666666
"AM,23",15,10.0,66.66666666666666
"PB,51",3,2.0,66.66666666666666
"SC,54",18,12.0,66.66666666666666
"PA,69",3,2.0,66.66666666666666
"RR,36",3,2.0,66.66666666666666
"DF,51",21,14.0,66.66666666666666
"AM,38",45,30.0,66.66666666666666
"MA,42",27,18.0,66.66666666666666
"SC,58",15,10.0,66.66666666666666
"PB,26",12,8.0,66.66666666666666
"TO,21",6,4.0,66.66666666666666
"PB,67",3,2.0,66.66666666666666
"AP,44",6,4.0,66.66666666666666
"RR,50",3,2.0,66.66666666666666
"AP,66",3,2.0,66.66666666666666
"ES,52",12,8.0,66.66666666666666
"AC,25",3,2.0,66.66666666666666
"DF,74",3,2.0,66.66666666666666
"MA,67",3,2.0,66.66666666666666
"CE,64",6,4.0,66.66666666666666
"PB,54",6,4.0,66.66666666666666
"PA,84",3,2.0,66.66666666666666
"PA,60",9,6.0,66.66666666666666
"MG,21",12,8.0,66.66666666666666
"AP,50",3,2.0,66.66666666666666
"SE,47",3,2.0,66.66666666666666
"AM,64",3,2.0,66.66666666666666
"MA,74",3,2.0,66.66666666666666
"SE,62",3,2.0,66.66666666666666
"AM,44",24,16.0,66.66666666666666
"AL,23",9,6.0,66.66666666666666
"ES,57",3,2.0,66.66666666666666
"DF,22",12,8.0,66.66666666666666
"PB,31",9,6.0,66.66666666666666
"AC,39",3,2.0,66.66666666666666
"RN,22",6,4.0,66.66666666666666
"PE,21",9,6.0,66.66666666666666
"PR,74",3,2.0,66.66666666666666
"DF,28",25,17.0,68.0
"AM,39",25,17.0,68.0
"DF,37",22,15.0,68.18181818181817
"SC,45",22,15.0,68.18181818181817
"AM,52",19,13.0,68.42105263157895
"SC,29",19,13.0,68.42105263157895
"DF,54",16,11.0,68.75
"ES,44",13,9.0,69.23076923076923
"MA,46",13,9.0,69.23076923076923
"MT,26",13,9.0,69.23076923076923
"SC,34",26,18.0,69.23076923076923
"RS,22",23,16.0,69.56521739130434
"MS,39",23,16.0,69.56521739130434
"PI,39",10,7.0,70.0
"DF,57",10,7.0,70.0
"AM,58",10,7.0,70.0
"MS,52",10,7.0,70.0
"GO,21",30,21.0,70.0
"RS,21",17,12.0,70.58823529411765
"GO,22",28,20.0,71.42857142857143
"PB,36",7,5.0,71.42857142857143
"PB,28",7,5.0,71.42857142857143
"ES,42",7,5.0,71.42857142857143
"AC,37",7,5.0,71.42857142857143
"AM,21",7,5.0,71.42857142857143
"MA,58",7,5.0,71.42857142857143
"AP,38",7,5.0,71.42857142857143
"RN,25",7,5.0,71.42857142857143
"SP,21",99,71.0,71.71717171717171
"AM,45",18,13.0,72.22222222222221
"RN,46",18,13.0,72.22222222222221
"RN,41",11,8.0,72.72727272727273
"AM,62",11,8.0,72.72727272727273
"PE,22",11,8.0,72.72727272727273
"PB,34",11,8.0,72.72727272727273
"MA,24",11,8.0,72.72727272727273
"MA,54",15,11.0,73.33333333333333
"AM,29",23,17.0,73.91304347826086
"TO,55",4,3.0,75.0
"RN,44",12,9.0,75.0
"CE,22",4,3.0,75.0
"MS,25",8,6.0,75.0
"MS,19",4,3.0,75.0
"SE,28",4,3.0,75.0
"AC,22",4,3.0,75.0
"RJ,20",16,12.0,75.0
"SE,45",8,6.0,75.0
"SE,66",4,3.0,75.0
"SE,27",4,3.0,75.0
"AM,53",12,9.0,75.0
"AL,21",4,3.0,75.0
"SC,19",4,3.0,75.0
"MT,20",4,3.0,75.0
"MS,26",8,6.0,75.0
"AM,61",8,6.0,75.0
"MS,20",8,6.0,75.0
"BA,20",8,6.0,75.0
"ES,64",4,3.0,75.0
"RN,40",21,16.0,76.19047619047619
"PI,38",21,16.0,76.19047619047619
"AM,50",17,13.0,76.47058823529412
"PA,53",13,10.0,76.92307692307693
"PA,24",13,10.0,76.92307692307693
"ES,26",9,7.0,77.77777777777779
"MT,23",9,7.0,77.77777777777779
"SP,20",50,39.0,78.0
"GO,20",14,11.0,78.57142857142857
"AM,46",24,19.0,79.16666666666666
"PR,19",5,4.0,80.0
"MS,38",10,8.0,80.0
"SC,73",5,4.0,80.0
"PB,43",5,4.0,80.0
"SE,35",5,4.0,80.0
"MS,22",10,8.0,80.0
"AM,22",10,8.0,80.0
"PB,21",5,4.0,80.0
"AP,29",5,4.0,80.0
"RN,53",5,4.0,80.0
"TO,52",5,4.0,80.0
"MT,54",5,4.0,80.0
"PB,20",5,4.0,80.0
"AC,31",5,4.0,80.0
"AC,55",5,4.0,80.0
"AM,63",5,4.0,80.0
"PE,19",5,4.0,80.0
"DF,68",5,4.0,80.0
"PB,41",11,9.0,81.81818181818183
"PE,23",11,9.0,81.81818181818183
"DF,26",17,14.0,82.35294117647058
"SC,21",6,5.0,83.33333333333334
"AM,49",12,10.0,83.33333333333334
"ES,49",6,5.0,83.33333333333334
"PA,20",6,5.0,83.33333333333334
"RN,60",6,5.0,83.33333333333334
"MA,20",6,5.0,83.33333333333334
"RJ,19",12,10.0,83.33333333333334
"TO,26",7,6.0,85.71428571428571
"SC,22",7,6.0,85.71428571428571
"ES,55",7,6.0,85.71428571428571
"ES,27",7,6.0,85.71428571428571
"SP,18",7,6.0,85.71428571428571
"PA,21",7,6.0,85.71428571428571
"AC,30",8,7.0,87.5
"ES,24",8,7.0,87.5
"ES,37",8,7.0,87.5
"SC,20",8,7.0,87.5
"PE,20",8,7.0,87.5
"BA,21",17,15.0,88.23529411764706
"SP,19",18,16.0,88.88888888888889
"PA,25",10,9.0,90.0
"TO,25",10,9.0,90.0
"PB,38",11,10.0,90.9090909090909
"GO,19",12,11.0,91.66666666666666
"AL,44",12,11.0,91.66666666666666
"ES,19",2,2.0,100.0
"RR,46",1,1.0,100.0
"DF,18",2,2.0,100.0
"CE,85",1,1.0,100.0
"ES,22",2,2.0,100.0
"RR,27",4,4.0,100.0
"RN,21",2,2.0,100.0
"RN,61",4,4.0,100.0
"RO,55",4,4.0,100.0
"ES,77",1,1.0,100.0
"AP,57",1,1.0,100.0
"PR,20",4,4.0,100.0
"AC,56",2,2.0,100.0
"AM,20",5,5.0,100.0
"SE,88",1,1.0,100.0
"MA,19",1,1.0,100.0
"AP,54",1,1.0,100.0
"RN,74",2,2.0,100.0
"PA,18",1,1.0,100.0
"MA,66",3,3.0,100.0
"SE,24",4,4.0,100.0
"SC,78",1,1.0,100.0
"RJ,18",4,4.0,100.0
"RN,19",2,2.0,100.0
"MG,18",2,2.0,100.0
"ES,21",3,3.0,100.0
"SE,22",3,3.0,100.0
"RO,57",1,1.0,100.0
"RR,47",1,1.0,100.0
"RR,22",1,1.0,100.0
"BA,81",1,1.0,100.0
"RR,45",2,2.0,100.0
"PB,92",1,1.0,100.0
"RR,49",1,1.0,100.0
"AC,24",4,4.0,100.0
"RR,41",1,1.0,100.0
"RS,89",2,2.0,100.0
"AC,19",1,1.0,100.0
"AP,46",2,2.0,100.0
"AC,38",6,6.0,100.0
"PI,21",6,6.0,100.0
"MT,77",1,1.0,100.0
"DF,87",1,1.0,100.0
"RR,24",1,1.0,100.0
"AC,74",1,1.0,100.0
"AC,26",5,5.0,100.0
"AC,65",1,1.0,100.0
"AM,75",2,2.0,100.0
"AP,62",1,1.0,100.0
"GO,94",1,1.0,100.0
"TO,19",1,1.0,100.0
"AC,60",1,1.0,100.0
"AP,61",1,1.0,100.0
"AL,72",1,1.0,100.0
"PI,19",1,1.0,100.0
"AP,19",1,1.0,100.0
"BA,90",1,1.0,100.0
"AP,67",1,1.0,100.0
"SC,84",1,1.0,100.0
"DF,20",4,4.0,100.0
"SE,30",1,1.0,100.0
"GO,123",1,1.0,100.0
"AL,24",9,9.0,100.0
"MA,100",1,1.0,100.0
"RR,61",1,1.0,100.0
"RJ,97",1,1.0,100.0
"PA,92",1,1.0,100.0
"BA,19",3,3.0,100.0
"MT,75",1,1.0,100.0
"nan,50",1,1.0,100.0
"AC,27",2,2.0,100.0
"PB,91",1,1.0,100.0
"AL,20",2,2.0,100.0
"PB,25",3,3.0,100.0
"RR,39",1,1.0,100.0
"PE,85",1,1.0,100.0
"MT,63",1,1.0,100.0
"RR,33",1,1.0,100.0
"MS,71",1,1.0,100.0
"RO,20",6,6.0,100.0
"RR,20",1,1.0,100.0
"MS,86",1,1.0,100.0
"MA,21",5,5.0,100.0
"RR,44",1,1.0,100.0
"PE,74",2,2.0,100.0
"PB,84",1,1.0,100.0
"RO,22",3,3.0,100.0
"SE,83",1,1.0,100.0
"RS,19",4,4.0,100.0
"AC,59",1,1.0,100.0
"DF,63",5,5.0,100.0
"PI,65",3,3.0,100.0
"AL,68",1,1.0,100.0
"SE,55",1,1.0,100.0
"TO,72",1,1.0,100.0
"PB,66",2,2.0,100.0
"RN,68",1,1.0,100.0
"SP,113",1,1.0,100.0
"TO,24",4,4.0,100.0
"AP,48",1,1.0,100.0
"AP,88",1,1.0,100.0
"TO,69",1,1.0,100.0
"SC,77",2,2.0,100.0
"GO,102",1,1.0,100.0
"PA,75",1,1.0,100.0
"DF,78",2,2.0,100.0
"SE,20",1,1.0,100.0
"PA,80",1,1.0,100.0
"PR,82",1,1.0,100.0
"PB,60",2,2.0,100.0
"DF,19",1,1.0,100.0
"RO,19",1,1.0,100.0
"CE,19",2,2.0,100.0
"MT,21",6,6.0,100.0
"PB,78",1,1.0,100.0
"AC,58",1,1.0,100.0
